{"name":"game-lobby","identifier":"PJYHVOY6OM","description":null,"parentIntentSignature":null,"sampleUtterances":[{"utterance":"need help with the game lobby options"},{"utterance":"assist me with game lobby options"},{"utterance":"how can I access the game lobby?"},{"utterance":"help me with {GameLobbyOptionType} to play"}],"intentConfirmationSetting":null,"intentClosingSetting":{"isActive":true,"nextStep":{"intent":{"name":null,"slots":null},"sessionAttributes":null,"dialogAction":{"type":"EvaluateConditional","slotToElicit":null,"suppressNextMessage":null}},"conditional":{"isActive":true,"defaultBranch":{"response":null,"nextStep":{"intent":{"name":null,"slots":null},"sessionAttributes":null,"dialogAction":{"type":"EndConversation","slotToElicit":null,"suppressNextMessage":null}}},"conditionalBranches":[{"name":"join_game","response":{"messageGroupsList":[{"message":{"ssmlMessage":null,"customPayload":null,"plainTextMessage":{"value":"After selecting the team you want to play with, you can join any game that is going to start in the next 10 minutes by hitting the \"Join game\" button. Once you join the game, please wait for upto 10 min for all the game players to join. Meanwhile you can chat with your team members using the chat option."},"imageResponseCard":null},"variations":null}],"allowInterrupt":true},"nextStep":{"intent":null,"sessionAttributes":null,"dialogAction":{"type":"EndConversation","slotToElicit":null,"suppressNextMessage":null}},"condition":{"expressionString":"{GameLobbyOptionType} = \"join game\""}},{"name":"choose_team","response":{"messageGroupsList":[{"message":{"ssmlMessage":null,"customPayload":null,"plainTextMessage":{"value":"After logging in, you can go to the \"Teams\" page, where you can select the team you want to play with using the \"Play with team\" option. You can enter the Game Lobby once you select the team."},"imageResponseCard":null},"variations":null}],"allowInterrupt":true},"nextStep":{"intent":null,"sessionAttributes":null,"dialogAction":{"type":"EndConversation","slotToElicit":null,"suppressNextMessage":null}},"condition":{"expressionString":"{GameLobbyOptionType} = \"choose team\""}}]},"closingResponse":null},"initialResponseSetting":{"nextStep":{"intent":{"name":null,"slots":null},"sessionAttributes":null,"dialogAction":{"type":"ElicitSlot","slotToElicit":"GameLobbyOptionType","suppressNextMessage":null}},"codeHook":{"isActive":false,"postCodeHookSpecification":{"successConditional":null,"timeoutResponse":null,"timeoutNextStep":{"intent":{"name":null,"slots":null},"sessionAttributes":null,"dialogAction":{"type":"EndConversation","slotToElicit":null,"suppressNextMessage":null}},"timeoutConditional":null,"failureResponse":null,"failureNextStep":{"intent":{"name":null,"slots":null},"sessionAttributes":null,"dialogAction":{"type":"EndConversation","slotToElicit":null,"suppressNextMessage":null}},"failureConditional":null,"successResponse":null,"successNextStep":{"intent":{"name":null,"slots":null},"sessionAttributes":null,"dialogAction":{"type":"ElicitSlot","slotToElicit":"JoinGameOptionType","suppressNextMessage":null}}},"invocationLabel":null,"enableCodeHookInvocation":true},"conditional":null,"initialResponse":null},"inputContexts":null,"outputContexts":null,"kendraConfiguration":null,"dialogCodeHook":null,"fulfillmentCodeHook":null,"slotPriorities":[{"priority":1,"slotName":"GameLobbyOptionType"}]}