{"name":"game-play-options","identifier":"KL1HHI2SFN","description":null,"parentIntentSignature":null,"sampleUtterances":[{"utterance":"can you help with game playing options?"},{"utterance":"help me with game play instructions"},{"utterance":"give game play instructions"},{"utterance":"guide me on playing a game"},{"utterance":"need help with {GameOptionType}  "}],"intentConfirmationSetting":null,"intentClosingSetting":{"isActive":true,"nextStep":{"sessionAttributes":null,"dialogAction":{"type":"EvaluateConditional","slotToElicit":null,"suppressNextMessage":null},"intent":{"name":null,"slots":null}},"conditional":{"isActive":true,"conditionalBranches":[{"name":"submit_answer","response":{"messageGroupsList":[{"message":{"ssmlMessage":null,"customPayload":null,"plainTextMessage":{"value":"For each option choose an option your team finds appropriate and hit the \"submit\" button on the bottom of the screen. Note that only the first submitted answer from each team is considered for each question. So don't rush, discuss with your team members and one of you carry on with submitting the answer."},"imageResponseCard":null},"variations":null}],"allowInterrupt":true},"nextStep":{"sessionAttributes":null,"dialogAction":{"type":"EndConversation","slotToElicit":null,"suppressNextMessage":null},"intent":null},"condition":{"expressionString":"{GameOptionType} = \"submit answer\""}},{"name":"chat","response":{"messageGroupsList":[{"message":{"ssmlMessage":null,"customPayload":null,"plainTextMessage":{"value":"Once you join a game, you can find a \"chat\" button on the bottom right of the screen. Clicking that will open up the chat box, where you can send and recieve messages from your team."},"imageResponseCard":null},"variations":null}],"allowInterrupt":true},"nextStep":{"sessionAttributes":null,"dialogAction":{"type":"EndConversation","slotToElicit":null,"suppressNextMessage":null},"intent":null},"condition":{"expressionString":"{GameOptionType} = \"chat\""}},{"name":"score","response":{"messageGroupsList":[{"message":{"ssmlMessage":null,"customPayload":null,"plainTextMessage":{"value":"After the each question, the live score for all teams will be displayed along with the correct answer and explanation. "},"imageResponseCard":null},"variations":null}],"allowInterrupt":true},"nextStep":{"sessionAttributes":null,"dialogAction":{"type":"EndConversation","slotToElicit":null,"suppressNextMessage":null},"intent":null},"condition":{"expressionString":"{GameOptionType} = \"score\""}},{"name":"hint","response":{"messageGroupsList":[{"message":{"ssmlMessage":null,"customPayload":null,"plainTextMessage":{"value":"To view the hint for a question, click the \"Hint\" button beside the \"Submit\" button at the bottom of the screen displaying question. This will display the hint for the question to all your team members!"},"imageResponseCard":null},"variations":null}],"allowInterrupt":true},"nextStep":{"sessionAttributes":null,"dialogAction":{"type":"EndConversation","slotToElicit":null,"suppressNextMessage":null},"intent":null},"condition":{"expressionString":"{GameOptionType} = \"hint\""}}],"defaultBranch":{"response":null,"nextStep":{"sessionAttributes":null,"dialogAction":{"type":"EndConversation","slotToElicit":null,"suppressNextMessage":null},"intent":{"name":null,"slots":null}}}},"closingResponse":null},"initialResponseSetting":{"nextStep":{"sessionAttributes":null,"dialogAction":{"type":"ElicitSlot","slotToElicit":"GameOptionType","suppressNextMessage":null},"intent":{"name":null,"slots":null}},"codeHook":null,"conditional":null,"initialResponse":null},"inputContexts":null,"outputContexts":null,"kendraConfiguration":null,"dialogCodeHook":null,"fulfillmentCodeHook":null,"slotPriorities":[{"priority":1,"slotName":"GameOptionType"}]}