{"name":"GameOptions","identifier":"GXDRGZ1O5K","description":null,"slotTypeValues":[{"sampleValue":{"value":"chat"},"synonyms":[{"value":"chat"},{"value":"message"},{"value":"group chat"},{"value":"group message"},{"value":"messaging"},{"value":"live chat"}]},{"sampleValue":{"value":"submit answer"},"synonyms":[{"value":"submit"},{"value":"submit answer"},{"value":"answer"}]},{"sampleValue":{"value":"hint"},"synonyms":[{"value":"get hint"},{"value":"show hint"},{"value":"hint"},{"value":"view hint"}]},{"sampleValue":{"value":"score"},"synonyms":[{"value":"view score"},{"value":"show score "},{"value":"get score"},{"value":"live score"},{"value":"scoreboard"},{"value":"score"}]}],"parentSlotTypeSignature":null,"valueSelectionSetting":{"resolutionStrategy":"TOP_RESOLUTION","regexFilter":null}}