{"name":"login-signup-intent","identifier":"MPJRQGL3BM","description":null,"parentIntentSignature":null,"sampleUtterances":[{"utterance":"I need help with the signup"},{"utterance":"assist me on signin and signup "}],"intentConfirmationSetting":null,"intentClosingSetting":{"isActive":true,"nextStep":{"intent":{"name":null,"slots":null},"sessionAttributes":null,"dialogAction":{"type":"EvaluateConditional","slotToElicit":null,"suppressNextMessage":null}},"conditional":{"isActive":true,"defaultBranch":{"response":null,"nextStep":{"intent":{"name":null,"slots":null},"sessionAttributes":null,"dialogAction":{"type":"EndConversation","slotToElicit":null,"suppressNextMessage":null}}},"conditionalBranches":[{"name":"Email","response":{"messageGroupsList":[{"message":{"ssmlMessage":null,"customPayload":null,"plainTextMessage":{"value":"Click on \"Sing up\" button at the bottom of the login page right next to \"Don't have an account?\" text.  Enter you email address and password in the fields provided. Please enter the answers to the 3 security questions as part of 2-factor authentication. That's all,  you are all good to get started!"},"imageResponseCard":null},"variations":null}],"allowInterrupt":true},"nextStep":{"intent":null,"sessionAttributes":null,"dialogAction":{"type":"EndConversation","slotToElicit":null,"suppressNextMessage":null}},"condition":{"expressionString":"{SignupType} = \"Email\""}},{"name":"Social_Media","response":{"messageGroupsList":[{"message":{"ssmlMessage":null,"customPayload":null,"plainTextMessage":{"value":"Choose the social media platform (Google or Twitter) you want to use for the sign up by clicking on \"Signin with Google\" or \"Signin with Twitter\"  button on top of the login page. Log in to the socail media account in the popup up menu. Once done, please provide the answers to the 3 security questions as part of 2-factor authentication. That's all,  you are all good to get started!"},"imageResponseCard":null},"variations":null}],"allowInterrupt":true},"nextStep":{"intent":null,"sessionAttributes":null,"dialogAction":{"type":"EndConversation","slotToElicit":null,"suppressNextMessage":null}},"condition":{"expressionString":"{SignupType} = \"Social media\""}}]},"closingResponse":null},"initialResponseSetting":{"nextStep":{"intent":{"name":null,"slots":null},"sessionAttributes":null,"dialogAction":{"type":"InvokeDialogCodeHook","slotToElicit":null,"suppressNextMessage":null}},"codeHook":{"isActive":true,"postCodeHookSpecification":{"successConditional":null,"timeoutResponse":null,"timeoutNextStep":{"intent":{"name":null,"slots":null},"sessionAttributes":null,"dialogAction":{"type":"EndConversation","slotToElicit":null,"suppressNextMessage":null}},"timeoutConditional":null,"failureResponse":null,"failureNextStep":{"intent":{"name":null,"slots":null},"sessionAttributes":null,"dialogAction":{"type":"EndConversation","slotToElicit":null,"suppressNextMessage":null}},"failureConditional":null,"successResponse":null,"successNextStep":{"intent":{"name":null,"slots":null},"sessionAttributes":null,"dialogAction":{"type":"ElicitSlot","slotToElicit":"SignupType","suppressNextMessage":null}}},"invocationLabel":null,"enableCodeHookInvocation":true},"conditional":null,"initialResponse":null},"inputContexts":null,"outputContexts":null,"kendraConfiguration":null,"dialogCodeHook":null,"fulfillmentCodeHook":null,"slotPriorities":[{"priority":1,"slotName":"SignupType"}]}